{"train/epoch":3.6666666666666665,"_step":0,"total_flos":0,"_runtime":66,"train_steps_per_second":0.103,"train/global_step":7,"_timestamp":1.7656051126574812e+09,"train_runtime":67.7382,"train_loss":1.4516653333391463,"train_samples_per_second":3.307,"_wandb":{"runtime":66}}